{
  "project_info": {
    "project_number": "103739755063",
    "firebase_url": "https://verifyemail-ea4df.firebaseio.com",
    "project_id": "verifyemail-ea4df",
    "storage_bucket": "verifyemail-ea4df.appspot.com"
  },
  "client": [
    {
      "client_info": {
        "mobilesdk_app_id": "1:103739755063:android:550358866a29bed4",
        "android_client_info": {
          "package_name": "com.example.admin.verifyemail"
        }
      },
      "oauth_client": [
        {
          "client_id": "103739755063-eacdh5b1845f3ul9io3mepfp66pdd7ji.apps.googleusercontent.com",
          "client_type": 1,
          "android_info": {
            "package_name": "com.example.admin.verifyemail",
            "certificate_hash": "8b7c0efcbcc33cd763b9e940e648d7d88aae1ca6"
          }
        },
        {
          "client_id": "103739755063-rpfaq4f3nplfn38qf6p145l0okmjkj1j.apps.googleusercontent.com",
          "client_type": 3
        }
      ],
      "api_key": [
        {
          "current_key": "AIzaSyAiNnwsBOVfQbISW6V3zvQkd06RGOG0JjI"
        }
      ],
      "services": {
        "analytics_service": {
          "status": 1
        },
        "appinvite_service": {
          "status": 2,
          "other_platform_oauth_client": [
            {
              "client_id": "103739755063-rpfaq4f3nplfn38qf6p145l0okmjkj1j.apps.googleusercontent.com",
              "client_type": 3
            }
          ]
        },
        "ads_service": {
          "status": 2
        }
      }
    }
  ],
  "configuration_version": "1"
}